season,habitat,species,size,GCB
summer,pl3,coba,66,0.06
summer,pl3,coba,68,4.282594132
summer,pl3,coba,78,11.18921597
summer,rf1,coba,58,2.013266214
summer,rf1,coba,60,1.560590795
summer,rf1,coba,61,0.968481344
summer,rf1,coba,62,0.376585406
summer,rf1,coba,68,0.547337694
summer,rf1,coba,70,0.8
summer,rf1,coba,74,3.430835869
summer,rf1,coba,76,1.90402602
summer,rf1,coba,60,0.407698004
summer,rf2,coba,61,0.752819279
summer,rf2,coba,63,1.357258945
summer,rf2,coba,65,1.141910052
summer,rf2,coba,67,0.610297124
summer,rf2,coba,70,2.13943067
summer,rf2,coba,58,1.61147067
summer,rf2,coba,65,4.193712002
summer,rf3,coba,52,1.304088514
summer,rf3,coba,56,0.393354627
summer,rf3,coba,58,0.895313302
summer,rf3,coba,59,1.510631173
summer,rf3,coba,62,3.751935345
summer,rf3,coba,64,1.546806232
summer,rf3,coba,72,3.680565735
summer,rf3,coba,62,1.822650442
summer,rf5,coba,57,1.422489748
summer,rf5,coba,58,1.930419314
summer,rf5,coba,59,1.470283158
summer,rf5,coba,62,2.89
summer,rf5,coba,67,4.066586669
summer,rf5,coba,69,2.460170499
summer,rf5,coba,75,6.422489748
summer,rf5,coba,78,7.331044391
summer,rf5,coba,57,0
summer,rf5,coba,62,2.430419314
summer,run1,coba,56,0.512974009
summer,run2,coba,67,2.888004787
summer,pl2,etca,47,1.038162051
summer,pl2,etca,53,0.825418096
summer,pl2,etca,58,0.668660707
summer,pl2,etca,62,0.512800431
summer,pl3,etca,53,0
summer,pl3,etca,54,0.081632398
summer,pl3,etca,53,0.452922456
summer,pl5,etca,57,0.137849802
summer,rf1,etca,45,0.592794465
summer,rf1,etca,46,0.313755128
summer,rf1,etca,48,5.374658861
summer,rf1,etca,49,3.81395757
summer,rf2,etca,51,1.01884762
summer,rf2,etca,54,2.315641256
summer,rf2,etca,55,1.329181669
summer,rf2,etca,55,0.111632398
summer,rf3,etca,47,1.172366674
summer,rf3,etca,53,1.572480675
summer,rf3,etca,57,6.421144392
summer,rf4 ,etca,43,1.032007097
summer,rf5,etca,43,0.965034332
summer,run1,etca,34,1.393879237
summer,run1,etca,46,2.436927205
summer,run1,etca,50,0.243820897
summer,run1,etca,52,2.98489365
summer,run2,etca,32,1
summer,run2,etca,33,0.888793811
summer,run2,etca,47,0.464291646
summer,run2,etca,49,0.785867124
summer,run2,etca,51,0.744143683
summer,run4,etca,31,0.05
summer,run4,etca,32,1.170711942
summer,run4,etca,29,0.692220758
summer,run5,etca,31,0.03
summer,run5,etca,43,0.611632398
summer,run5,etca,44,2.103322852
summer,run5,etca,47,0.155034332
summer,run5,etca,47,0.213264796
summer,rf1,etfl,48,1.0856096
summer,rf1,etfl,49,7.25052912
summer,rf1,etfl,49,2.060271451
summer,rf1,etfl,49,4.059502369
summer,rf2,etfl,31,1.912378643
summer,rf2,etfl,34,0.242062641
summer,rf2,etfl,43,2.600105777
summer,rf2,etfl,49,1.458429595
summer,rf2,etfl,53,0.975965952
summer,rf3,etfl,39,3.990857697
summer,rf3,etfl,43,2.789668749
summer,rf3,etfl,49,0.870838628
summer,rf3,etfl,50,3.136426319
summer,rf3,etfl,49,0.939209366
summer,rf4 ,etfl,41,0.043401935
summer,rf4 ,etfl,48,0
summer,rf5,etfl,33,0.388595929
summer,rf5,etfl,37,0.778396488
summer,rf5,etfl,43,6.956014859
summer,rf5,etfl,48,3.098954565
summer,rf5,etfl,52,5.41027479
summer,run1,etfl,30,0.113510297
summer,run5,etfl,47,0.640297124
summer,pl1,fuca,42,1.352394687
summer,pl1,fuca,45,3
summer,pl5,fuca,50,3.4
summer,pl5,fuca,93,6.117293609
summer,rf1,fuca,45,3.652394687
summer,rf1,fuca,62,2.161181426
summer,rf1,fuca,68,2.532945683
summer,rf1,fuca,69,3.908735763
summer,rf1,fuca,76,3.214496607
summer,rf4 ,fuca,92,0.993401935
summer,run1,fuca,40,3.313679678
summer,run1,fuca,45,1.37
summer,run1,fuca,45,0.938101047
summer,run2,fuca,38,3.304789374
summer,run2,fuca,40,1.533740592
summer,run2,fuca,62,2.057171113
summer,run4,fuca,43,0.65
summer,run4,fuca,67,0.15
summer,run5,fuca,55,1.994938775
summer,pl5,luzo,61,5.370414047
summer,pl5,luzo,63,1.295576379
summer,rf1,luzo,46,0.5
summer,rf1,luzo,47,0.65
summer,rf1,luzo,53,0.894563119
summer,rf1,luzo,72,2.1
summer,rf1,luzo,53,2.2
summer,rf2,luzo,44,1.25
summer,rf2,luzo,46,1
summer,rf2,luzo,49,0
summer,rf3,luzo,43,0.368660707
summer,rf3,luzo,47,5.760145807
summer,rf3,luzo,48,0.5
summer,rf3,luzo,52,6.430016835
summer,rf3,luzo,72,0
summer,rf4 ,luzo,46,0.575
summer,rf4 ,luzo,98,41.33600423
summer,rf5,luzo,41,2.341423885
summer,rf5,luzo,42,0.9
summer,rf5,luzo,46,1.4
summer,rf5,luzo,52,0.95
summer,rf5,luzo,42,0.8
summer,run1,luzo,45,0.75
summer,run1,luzo,47,0.6
summer,run1,luzo,63,1.4
summer,run1,luzo,67,1.2
summer,run1,luzo,68,3.36
summer,run2,luzo,44,0.4
summer,run2,luzo,45,0.381632398
summer,run2,luzo,46,0.6
summer,run5,luzo,42,2.454652533
summer,pl1,nolu,52,0.2
summer,pl1,nolu,53,4.195805647
summer,pl1,nolu,54,0.109562279
summer,pl1,nolu,55,0.92
summer,pl1,nolu,57,0.50598212
summer,pl4,nolu,64,2.185636343
summer,rf1,nolu,68,4.452565087
summer,rf1,nolu,70,8.086557366
summer,rf1,nolu,82,8.01279902
summer,rf2,nolu,78,10.83371434
summer,rf3,nolu,73,1.855488792
summer,run2,nolu,53,1.454261749
summer,run4,nolu,52,0.329518746
summer,rf4 ,nolu,53,4.050213701
summer,rf4 ,nolu,67,2.66679437
summer,rf4 ,nolu,72,2.923344706
summer,rf4 ,nolu,67,5.010824407
summer,rf5,nolu,68,0.71
summer,rf5,nolu,72,11.38998785
summer,rf5,nolu,76,3.838051637
summer,rf5,nolu,72,3.752088711
fall,pl3,coba,43,0.5
fall,pl3,coba,45,2.936344049
fall,pl3,coba,50,3.142510574
fall,pl3,coba,51,2.692869401
fall,pl3,coba,69,0.968031116
fall,rf1,coba,62,1.428183399
fall,rf1,coba,65,4.347615322
fall,rf1,coba,66,3.018053087
fall,rf1,coba,69,2.261283923
fall,rf1,coba,70,1.221376393
fall,rf1,coba,71,2.755538155
fall,rf1,coba,70,2.869626604
fall,rf2,coba,67,5.631098809
fall,rf2,coba,73,2.215947711
fall,rf2,coba,77,21.97781448
fall,rf2,coba,79,6.533512446
fall,rf2,coba,80,1.045464292
fall,rf3,coba,39,1.219585249
fall,rf3,coba,41,0.803813542
fall,rf3,coba,42,0.8623309
fall,rf3,coba,44,0.569800161
fall,rf3,coba,47,0.5
fall,rf3,coba,39,0.77557
fall,rf4,coba,48,0.597732945
fall,rf4,coba,49,4.673915364
fall,rf4,coba,50,2.985349721
fall,rf4,coba,53,4.35332172
fall,rf4,coba,54,2.047898633
fall,rf4,coba,61,3.068343392
fall,rf4,coba,63,14.5036161
fall,rf4,coba,70,108.8323091
fall,rf5,coba,53,2.63161859
fall,rf5,coba,55,3.538414597
fall,rf5,coba,58,11.74570466
fall,rf5,coba,64,2.598839579
fall,rf5,coba,68,13.55494202
fall,rf5,coba,77,100.21557
fall,run1,coba,52,5.37163854
fall,run1,coba,55,3.406327633
fall,run1,coba,59,2.564185096
fall,run1,coba,61,11.48019156
fall,run1,coba,74,3.218138054
fall,run2,coba,58,6.50283997
fall,run3,coba,50,3.068143798
fall,run3,coba,51,6.197959124
fall,run3,coba,55,2.669706739
fall,run3,coba,66,5.689581605
fall,run3,coba,55,2.330998574
fall,run4,coba,44,1.881921134
fall,run4,coba,46,1.477989936
fall,run4,coba,48,1.61118355
fall,run4,coba,52,4.096662736
fall,run4,coba,54,79.55950237
fall,run4,coba,58,79.96901758
fall,run5,coba,67,2.37152256
fall,run5,coba,68,3.710456741
fall,run5,coba,70,7.107984572
fall,run5,coba,71,3.284955077
fall,run5,coba,72,3.41937303
fall,run5,coba,82,4.59975078
fall,run5,coba,67,4.228050819
fall,pl1,etca,45,0.80041104
fall,pl1,etca,48,0.123241598
fall,pl1,etca,50,0.248610428
fall,pl1,etca,51,1.309243714
fall,pl1,etca,52,1.718098248
fall,pl1,etca,54,2.601616577
fall,pl1,etca,60,3.769153069
fall,pl1,etca,61,1.505308299
fall,pl3,etca,51,0.843992172
fall,pl3,etca,52,2.879293378
fall,pl3,etca,57,2.34824572
fall,pl3,etca,52,3.005550742
fall,pl3,etca,52,0.72041471
fall,pl3,etca,57,1.213321761
fall,pl4,etca,46,6.268054747
fall,pl4,etca,48,11.24522517
fall,pl4,etca,49,8.440696342
fall,pl4,etca,50,11.20222968
fall,pl4,etca,51,8.923548493
fall,pl4,etca,51,7.207652706
fall,rf1,etca,52,6.267620061
fall,rf1,etca,56,4.285183854
fall,rf1,etca,57,4.72384675
fall,rf1,etca,58,0.636230399
fall,rf1,etca,61,1.566983308
fall,rf1,etca,62,1.711860167
fall,rf1,etca,52,1.272111144
fall,rf1,etca,56,6.715311581
fall,rf1,etca,56,2.57689909
fall,rf1,etca,62,3.742893719
fall,rf2,etca,45,0.04464832
fall,rf2,etca,47,1.995406086
fall,rf2,etca,48,1.329255814
fall,rf2,etca,52,3.897192203
fall,rf2,etca,54,3.298560466
fall,rf2,etca,56,4.701585184
fall,rf2,etca,60,7.144364868
fall,rf2,etca,47,0.871244681
fall,rf3,etca,43,0.06
fall,rf3,etca,47,2.092641746
fall,rf3,etca,55,9.430164987
fall,rf3,etca,56,11.91721946
fall,rf3,etca,57,8.859688286
fall,rf3,etca,55,8.090072018
fall,rf3,etca,56,17.03047481
fall,rf3,etca,56,6.482870692
fall,rf4,etca,38,0.478473936
fall,rf4,etca,46,1.582263841
fall,rf4,etca,48,2.551780998
fall,rf4,etca,51,1.920182257
fall,rf4,etca,52,2.723983803
fall,rf4,etca,53,2.421101068
fall,rf4,etca,54,6.855646243
fall,rf4,etca,56,11.0993049
fall,rf5,etca,47,1.512911869
fall,rf5,etca,48,1.090262685
fall,rf5,etca,50,4.016684079
fall,rf5,etca,52,4.953108711
fall,rf5,etca,57,1.675021304
fall,rf5,etca,58,3.410940219
fall,rf5,etca,50,1.383687365
fall,rf5,etca,50,0.17557
fall,run1,etca,45,1.533082262
fall,run1,etca,50,1.848729599
fall,run1,etca,52,1.102416789
fall,run1,etca,53,1.615359807
fall,run1,etca,60,15.61301842
fall,run1,etca,53,11.78573016
fall,run2,etca,50,3.807677889
fall,run2,etca,51,6.191520906
fall,run2,etca,52,8.108424899
fall,run2,etca,55,10.94574072
fall,run2,etca,57,5.379097111
fall,run2,etca,51,7.889272675
fall,run3,etca,44,3.26871086
fall,run3,etca,46,1.616332639
fall,run3,etca,48,1.894053855
fall,run3,etca,50,4.802299225
fall,run3,etca,53,3.287727453
fall,run3,etca,55,4.276623302
fall,run3,etca,53,6.562119585
fall,run4,etca,48,4.862860161
fall,run4,etca,49,3.140639039
fall,run4,etca,51,5.317381014
fall,run4,etca,52,8.587307022
fall,run4,etca,54,9.301385756
fall,run4,etca,56,4.943848867
fall,run4,etca,60,12.12169056
fall,run4,etca,48,2.659923323
fall,run4,etca,48,0.799577958
fall,run4,etca,54,3.085910644
fall,run5,etca,48,4.393937928
fall,run5,etca,49,0.669222032
fall,run5,etca,52,0.389461795
fall,run5,etca,53,0.129127093
fall,run5,etca,54,10.80774424
fall,run5,etca,52,2.462668971
fall,run5,etca,52,3.246479057
fall,run5,etca,52,4.573762909
fall,run5,etca,54,0.816225467
fall,pl1,etfl,33,0.427715237
fall,pl2,etfl,38,0.352505189
fall,pl3,etfl,40,1.047873689
fall,pl3,etfl,43,0.17557
fall,pl3,etfl,45,2.982488386
fall,pl3,etfl,48,0.344313302
fall,pl3,etfl,50,0.501154567
fall,pl3,etfl,43,0.164177887
fall,rf1,etfl,42,7.423595281
fall,rf1,etfl,47,0.06
fall,rf1,etfl,53,1.004853528
fall,rf1,etfl,55,0.823327371
fall,rf1,etfl,56,1.710807003
fall,rf1,etfl,56,3.263743478
fall,rf1,etfl,40,0.148323758
fall,rf1,etfl,38,0.728855548
fall,rf2,etfl,43,1.403732401
fall,rf2,etfl,44,0.618915271
fall,rf2,etfl,47,1.542287935
fall,rf2,etfl,48,0.387715237
fall,rf2,etfl,52,0.834873432
fall,rf2,etfl,55,1.405634843
fall,rf2,etfl,43,0.530500044
fall,rf2,etfl,52,0.494382573
fall,rf3,etfl,40,0.369817654
fall,rf3,etfl,43,4.203650623
fall,rf3,etfl,44,1.281880096
fall,rf3,etfl,46,1.378090442
fall,rf3,etfl,47,0.098238848
fall,rf3,etfl,48,1.415197091
fall,rf3,etfl,50,2.163558974
fall,rf3,etfl,52,2.552287596
fall,rf3,etfl,52,4.649591313
fall,rf3,etfl,52,0.043944959
fall,rf4,etfl,39,0.649514109
fall,rf4,etfl,40,4.218341933
fall,rf4,etfl,46,1.301915404
fall,rf4,etfl,47,0.600277084
fall,rf4,etfl,48,0.947392786
fall,rf4,etfl,51,4.247911583
fall,rf4,etfl,53,6.217724222
fall,rf4,etfl,39,0.747466074
fall,rf4,etfl,39,1.472614344
fall,rf4,etfl,39,0.955013512
fall,rf4,etfl,40,0.450069271
fall,rf5,etfl,41,0.978163721
fall,rf5,etfl,47,2.438839492
fall,rf5,etfl,48,1.132239522
fall,rf5,etfl,49,1.222297693
fall,rf5,etfl,50,0.220244812
fall,rf5,etfl,41,3.453804887
fall,rf5,etfl,49,4.937639649
fall,rf5,etfl,49,1.407797709
fall,rf5,etfl,40,0.865679601
fall,run1,etfl,55,0.36
fall,run1,etfl,55,0.733744148
fall,run1,etfl,55,0.33981288
fall,run1,etfl,55,0.086803869
fall,run2,etfl,38,0.315360677
fall,run2,etfl,41,3.591808707
fall,run3,etfl,36,0.863546692
fall,run3,etfl,37,6.672679532
fall,run3,etfl,40,0.645723908
fall,run3,etfl,43,1.203809834
fall,run3,etfl,44,1.115184885
fall,run3,etfl,43,4.002675517
fall,run4,etfl,40,0.853196392
fall,run4,etfl,41,0.924603817
fall,run4,etfl,46,2.435391835
fall,run5,etfl,41,1.092039207
fall,run5,etfl,43,1.748705968
fall,run5,etfl,44,1.244124808
fall,run5,etfl,45,1.078017367
fall,run5,etfl,49,2.149057637
fall,run5,etfl,50,3.818792482
fall,run5,etfl,51,3.550735659
fall,pl3,ette,55,3.424063205
fall,pl3,ette,68,12.26119943
fall,pl3,ette,68,4.485285079
fall,rf2,ette,78,2.7914215
fall,rf2,ette,82,11.86346382
fall,rf2,ette,88,11.88673747
fall,rf2,ette,78,12.57457078
fall,rf2,ette,82,4.584375476
fall,rf2,ette,82,6.868244063
fall,rf3,ette,68,8.379492691
fall,rf3,ette,69,1.381274842
fall,rf3,ette,74,9.626408617
fall,rf3,ette,76,16.50517975
fall,rf3,ette,79,6.466224061
fall,rf3,ette,81,6.641704215
fall,rf3,ette,82,21.6738746
fall,rf5,ette,63,2.732544864
fall,rf5,ette,67,5.342868443
fall,rf5,ette,72,2.374793801
fall,rf5,ette,79,12.03950073
fall,rf5,ette,80,75.37466589
fall,rf5,ette,86,11.10463099
fall,run3,ette,68,9.301624227
fall,run3,ette,69,4.267723986
fall,run3,ette,72,9.47596956
fall,run3,ette,76,13.60618745
fall,run3,ette,72,8.379257136
fall,run5,ette,68,11.13853925
fall,run5,ette,70,6.829984611
fall,run5,ette,73,2.493140161
fall,run5,ette,79,16.72001134
fall,run5,ette,80,7.2868705
fall,run5,ette,68,5.546681304
fall,pl5,fuca,35,0.3
fall,pl5,fuca,37,1.388685339
fall,pl5,fuca,45,1
fall,pl5,fuca,50,0.11
fall,rf2,fuca,35,0
fall,rf2,fuca,38,0.62
fall,rf2,fuca,35,0
fall,rf5,fuca,44,0.086803869
fall,rf5,fuca,58,2.53
fall,run1,fuca,46,0
fall,run2,fuca,43,0.073401935
fall,run2,fuca,44,0
fall,run2,fuca,50,1.177500919
fall,run3,fuca,57,0.5
fall,run3,fuca,58,3.416235304
fall,run3,fuca,59,0.85912169
fall,run3,fuca,60,0.63328805
fall,run3,fuca,85,1.790885462
fall,run4,fuca,38,0.5
fall,run4,fuca,44,0.143401935
fall,run4,fuca,48,0.05
fall,pl1,luzo,61,2.818289545
fall,pl1,luzo,62,0.96
fall,pl1,luzo,91,1.248626604
fall,pl1,luzo,95,2.025946759
fall,pl1,luzo,61,14.80205228
fall,pl1,luzo,100,4.568903192
fall,pl3,luzo,48,0.5
fall,pl3,luzo,53,1.158480699
fall,pl3,luzo,54,0.17557
fall,pl3,luzo,74,0.844313302
fall,pl3,luzo,82,1.00208361
fall,pl3,luzo,48,0.09
fall,pl4,luzo,43,2.335241333
fall,pl4,luzo,51,1.418979361
fall,pl4,luzo,57,1
fall,pl4,luzo,66,1.492050085
fall,pl4,luzo,74,0.073679678
fall,pl4,luzo,75,1.693401935
fall,pl4,luzo,81,0.571517785
fall,pl5,luzo,42,0.06
fall,pl5,luzo,43,1
fall,pl5,luzo,42,1.23
fall,rf1,luzo,65,0.875586014
fall,rf1,luzo,67,3.701965525
fall,rf1,luzo,79,1.191871734
fall,rf1,luzo,82,9.854690282
fall,rf1,luzo,88,3.628203857
fall,rf1,luzo,103,1.310069271
fall,rf2,luzo,45,0.511522455
fall,rf2,luzo,46,0.15
fall,rf2,luzo,47,0.09
fall,rf2,luzo,50,0.5
fall,rf2,luzo,53,1.560711942
fall,rf2,luzo,57,1.674313302
fall,rf3,luzo,36,0.12
fall,rf3,luzo,40,0.21
fall,rf3,luzo,50,0.21
fall,rf3,luzo,74,4.118100177
fall,rf4,luzo,37,0.515305114
fall,rf4,luzo,40,0.248456827
fall,rf4,luzo,42,0.439359243
fall,rf4,luzo,46,0.5
fall,rf4,luzo,51,2.271375399
fall,rf4,luzo,63,12.07113089
fall,rf4,luzo,72,13.53221905
fall,rf4,luzo,90,25.5809752
fall,rf4,luzo,95,35.10222632
fall,rf4,luzo,105,0.970105022
fall,run1,luzo,47,1.795891682
fall,run1,luzo,55,11.22877456
fall,run1,luzo,56,5.303004209
fall,run1,luzo,60,5.152695619
fall,run1,luzo,67,5.865320526
fall,run1,luzo,68,3.204249333
fall,run1,luzo,88,4.868925133
fall,run1,luzo,89,41.13887211
fall,run1,luzo,55,3.032198309
fall,run1,luzo,60,3.466700114
fall,run2,luzo,55,1.56
fall,run2,luzo,56,1.477168732
fall,run2,luzo,58,5.559666257
fall,run2,luzo,60,2.229042423
fall,run2,luzo,68,2.536281805
fall,run2,luzo,78,1.719699448
fall,run2,luzo,90,3.751737015
fall,run2,luzo,92,2.4904006
fall,run3,luzo,83,5.862773777
fall,run4,luzo,44,0.79557
fall,run4,luzo,46,1.180069271
fall,run4,luzo,55,0.453390807
fall,run4,luzo,72,1.562320126
fall,run5,luzo,40,2.646021058
fall,run5,luzo,46,1.146086734
fall,run5,luzo,49,0.350520903
fall,run5,luzo,70,0.15
fall,pl2,noex,63,1.407773475
fall,pl2,noex,74,2.45725528
fall,pl2,noex,88,22.91192181
fall,pl2,noex,96,17.56867906
fall,rf2,noex,47,0
fall,rf2,noex,48,0
fall,rf2,noex,53,0
fall,rf2,noex,58,0
fall,rf2,noex,76,0.606454678
fall,rf2,noex,89,0
fall,rf2,noex,76,0.31098381
fall,rf3,noex,40,0.850103562
fall,rf3,noex,45,0
fall,rf3,noex,67,2.87
fall,rf3,noex,86,0.746596626
fall,rf4,noex,46,0
fall,rf4,noex,53,0.863960032
fall,rf5,noex,63,0.596961821
fall,rf5,noex,80,2.844979496
fall,rf5,noex,84,9.814313302
fall,rf5,noex,85,0
fall,rf5,noex,86,0
fall,run1,noex,26,0.079984927
fall,run1,noex,44,0
fall,run1,noex,58,0
fall,run1,noex,69,0.06
fall,run5,noex,42,0.117081613
fall,run5,noex,48,0
fall,run5,noex,49,0.326901096
fall,run5,noex,65,0.684500796
fall,run5,noex,70,1.394848269
fall,run5,noex,86,4.836012406
fall,run5,noex,98,0.056980016
fall,run5,noex,48,0.130511021
fall,run5,noex,48,0.344313302
fall,run5,noex,49,0
winter,pl2,coba,53,0.669650726
winter,pl2,coba,67,0
winter,pl3,coba,47,3.782118474
winter,pl3,coba,52,1.99459803
winter,pl3,coba,54,8.318817697
winter,rf1,coba,51,1.11938727
winter,rf1,coba,56,2.090198031
winter,rf2,coba,50,28.21939692
winter,rf2,coba,53,16.05779071
winter,rf2,coba,55,31.59694194
winter,rf2,coba,58,37.85796224
winter,rf2,coba,63,18.05257593
winter,rf2,coba,58,15.16305234
winter,rf3,coba,58,7.486990446
winter,rf3,coba,60,16.73338777
winter,rf3,coba,61,0
winter,rf3,coba,64,5.11750907
winter,rf3,coba,68,11.84050184
winter,rf3,coba,58,15.74499371
winter,rf4,coba,54,20.47498641
winter,rf4,coba,57,26.41741614
winter,rf4,coba,58,7.980183969
winter,rf4,coba,62,23.19713188
winter,rf4,coba,72,25.10008165
winter,rf4,coba,58,17.2606981
winter,rf5,coba,55,10.41835395
winter,rf5,coba,57,31.51547345
winter,rf5,coba,58,23.52810025
winter,rf5,coba,62,29.16037267
winter,rf5,coba,65,15.83387548
winter,rf5,coba,58,39.63249286
winter,run1,coba,53,11.59697535
winter,run1,coba,57,11.6430821
winter,run1,coba,61,13.62722656
winter,run1,coba,57,4.904
winter,run1,coba,57,21.01876778
winter,run2,coba,52,12.22354201
winter,run2,coba,58,22.85359196
winter,run2,coba,60,40.56769195
winter,run2,coba,61,21.86920536
winter,run2,coba,64,23.60557212
winter,run2,coba,58,25.67743113
winter,run3,coba,53,28.49457273
winter,run3,coba,54,13.44478795
winter,run3,coba,60,13.05312208
winter,run3,coba,70,66.71924056
winter,run3,coba,53,11.22068336
winter,run3,coba,54,5.361142672
winter,run5,coba,50,9.97782359
winter,run5,coba,52,13.02294243
winter,run5,coba,56,13.82427359
winter,run5,coba,57,13.22799444
winter,run5,coba,61,20.12047845
winter,run5,coba,62,4.183346942
winter,pl1,etca,42,2.616159541
winter,pl1,etca,43,0.868038692
winter,pl1,etca,47,12.32754764
winter,pl1,etca,49,3.787303465
winter,pl1,etca,53,3.703701045
winter,pl1,etca,42,0.520823215
winter,pl3,etca,47,4.356891644
winter,pl3,etca,52,1.551970101
winter,pl3,etca,54,1.606636968
winter,pl4,etca,46,1.421850653
winter,pl4,etca,47,3.699947264
winter,pl4,etca,48,2.126523142
winter,pl4,etca,51,3.905807784
winter,pl4,etca,52,5.368713483
winter,pl4,etca,47,2.387106402
winter,pl5,etca,50,0.864876957
winter,pl5,etca,52,7.407674171
winter,rf1,etca,45,1.457467277
winter,rf1,etca,47,6.42095803
winter,rf1,etca,48,10.86075089
winter,rf1,etca,52,2.926315026
winter,rf1,etca,47,1.524434013
winter,rf2,etca,39,1.390114824
winter,rf2,etca,42,3.166128721
winter,rf2,etca,44,0.49391331
winter,rf2,etca,45,2.96947708
winter,rf2,etca,54,7.549480945
winter,rf2,etca,56,5.33220672
winter,rf3,etca,48,1.098444064
winter,rf3,etca,49,0.431117171
winter,rf3,etca,50,7.263016001
winter,rf3,etca,57,10.17469213
winter,rf3,etca,58,3.064556592
winter,rf3,etca,57,0.347215477
winter,rf4,etca,46,2.041556309
winter,rf4,etca,52,0.881861901
winter,rf4,etca,62,6.040259947
winter,rf4,etca,46,6.32951714
winter,rf4,etca,46,3.923183868
winter,rf4,etca,52,4.052482426
winter,rf5,etca,39,2.532188904
winter,rf5,etca,46,0.453772912
winter,rf5,etca,48,1.025821933
winter,rf5,etca,52,5.062115185
winter,rf5,etca,54,1.694512846
winter,rf5,etca,57,0.871980016
winter,run1,etca ,50,4.293184426
winter,run1,etca ,50,7.369132596
winter,run1,etca ,50,4.694880096
winter,run1,etca ,50,7.058223468
winter,run1,etca ,50,2.631112407
winter,run1,etca ,50,1.859559631
winter,run2,etca,43,2.538291251
winter,run2,etca,45,6.535234141
winter,run2,etca,46,3.894295407
winter,run2,etca,47,10.05348399
winter,run2,etca,52,4.66259152
winter,run2,etca,52,8.083062859
winter,run3 ,etca,44,11.31861673
winter,run3 ,etca,51,2.730500639
winter,run3 ,etca,57,9.572790224
winter,run4,etca,46,6.316209841
winter,run4,etca,49,5.717434558
winter,run4,etca,50,15.27564871
winter,run4,etca,52,3.143447697
winter,run4,etca,49,4.207160391
winter,run5,etca,45,2.977543446
winter,run5,etca,47,10.27379972
winter,run5,etca,51,5.238764258
winter,run5,etca,53,14.28196582
winter,run5,etca,54,0.455840129
winter,run5,etca,58,3.530586504
winter,pl1,etfl,41,3.818712944
winter,pl1,etfl,42,1.288951786
winter,pl1,etfl,43,2.680493961
winter,pl1,etfl,41,2.47329076
winter,rf1,etfl,38,0.599151308
winter,rf1,etfl,42,0.149787827
winter,rf1,etfl,45,0.8
winter,rf1,etfl,48,2.31350781
winter,rf1,etfl,50,1.615515748
winter,rf1,etfl,42,1.119274822
winter,rf2,etfl,39,1.731540164
winter,rf2,etfl,47,5.224790214
winter,rf2,etfl,48,5.440175976
winter,rf2,etfl,50,4.308146159
winter,rf2,etfl,47,3.63155105
winter,rf2,etfl,50,1.424500402
winter,rf3,etfl,47,5.667043705
winter,rf3,etfl,48,6.208251223
winter,rf3,etfl,52,16.82827226
winter,rf3,etfl,48,4.417533023
winter,rf3,etfl,48,11.69281572
winter,rf3,etfl,48,11.3660886
winter,rf4,etfl,38,0.691528779
winter,rf4,etfl,42,25.07386742
winter,rf4,etfl,45,19.06257339
winter,rf4,etfl,47,4.995152763
winter,rf4,etfl,48,9.683198452
winter,rf4,etfl,38,1.419930953
winter,rf5,etfl,45,5.931212669
winter,rf5,etfl,47,6.962573978
winter,rf5,etfl,48,9.444909869
winter,rf5,etfl,49,11.5126372
winter,rf5,etfl,53,19.84627363
winter,rf5,etfl,54,14.69487737
winter,run1,etfl,42,5.054406786
winter,run1,etfl,47,2.111429053
winter,run1,etfl,48,2.269486899
winter,run1,etfl,47,8.789047759
winter,run1,etfl,48,9.92001246
winter,run2,etfl,42,1.531235042
winter,run2,etfl,48,23.91224774
winter,run2,etfl,56,1.520012583
winter,run4,etfl,39,9.426336866
winter,run4,etfl,43,0.854700241
winter,run4,etfl,47,5.225173578
winter,run4,etfl,47,4.541391762
winter,run5,etfl,43,0.855705804
winter,run5,etfl,45,3.18939526
winter,run5,etfl,47,15.23762019
winter,run5,etfl,48,9.163342155
winter,run5,etfl,54,5.890712909
winter,run5,etfl,47,6.818033269
winter,rf1,ette,75,28.85612626
winter,rf1,ette,77,15.49066814
winter,rf1,ette,79,4.782698409
winter,rf2,ette,75,11.23077875
winter,rf2,ette,77,14.48006856
winter,rf2,ette,78,1.635696272
winter,rf2,ette,80,26.66723647
winter,rf2,ette,82,21.08764749
winter,rf2,ette,85,22.21446408
winter,rf3,ette,68,7.55298648
winter,rf3,ette,73,7.676486042
winter,rf3,ette,74,10.45836735
winter,rf3,ette,75,45.24256981
winter,rf3,ette,77,5.586899367
winter,rf3,ette,77,4.247102741
winter,rf4,ette,69,3.645551151
winter,rf4,ette,78,0
winter,pl1,luzo,47,1.559600321
winter,pl1,luzo,50,1.643096267
winter,pl1,luzo,51,0.09
winter,pl1,luzo,80,0.9655
winter,pl1,luzo,87,3.970928831
winter,pl3,luzo,46,0.51
winter,pl3,luzo,47,0
winter,pl3,luzo,51,0.679143583
winter,pl3,luzo,93,22.77535789
winter,pl3,luzo,93,11.45836735
winter,pl4,luzo,46,1.31382
winter,pl4,luzo,47,1.122544234
winter,pl4,luzo,48,0.92
winter,pl4,luzo,58,2.006961821
winter,pl4,luzo,92,3.079144746
winter,pl4,luzo,93,12.66694717
winter,pl5,luzo,57,0.21
winter,pl5,luzo,58,0.3
winter,rf4,luzo,58,0
winter,rf4,luzo,59,0.28490008
winter,rf4,luzo,78,12.97882593
winter,rf4,luzo,83,1.822106965
winter,rf4,luzo,100,24.54570175
winter,run1,luzo,87,25.30758408
winter,run1,luzo,97,2.659163284
winter,run1,luzo,87,18.84314261
winter,run1,luzo,87,8.259311531
winter,run1,luzo,87,19.84885516
winter,run3,luzo,80,25.01262356
winter,run3,luzo,86,7.845020412
winter,run3,luzo,87,20.34913516
winter,run3,luzo,93,34.46262329
winter,run3,luzo,97,35.08109954
winter,run3,luzo,98,18.39693939
winter,run4,luzo,58,0.24
winter,run4,luzo,90,3.645167264
winter,run4,luzo,97,5.750108436
winter,run5,luzo,47,0.24
winter,run5,luzo,49,0.24
winter,run5,luzo,51,3.123449684
winter,run5,luzo,52,0.15
winter,run5,luzo,56,0
winter,run5,luzo,85,20.17643815
spring,pl1,coba,60,0.271799015
spring,pl1,coba,60,0.5
spring,pl1,coba,60,0.655274123
spring,pl1,coba,72,0.661729217
spring,pl1,coba,72,1.165576379
spring,pl2,coba,68,0.5
spring,pl2,coba,69,2.789668749
spring,pl2,coba,80,5
spring,pl2,coba,80,2.789668749
spring,pl3,coba,57,0.271799015
spring,pl3,coba,57,0.5
spring,pl3,coba,58,2.891992876
spring,pl3,coba,58,0.5
spring,pl3,coba,77,37.04483188
spring,pl4,coba,68,1.422489748
spring,rf1,coba,60,2.6088
spring,rf1,coba,63,0.5
spring,rf1,coba,63,1.172628084
spring,rf1,coba,63,1.896759451
spring,rf1,coba,64,0.05
spring,rf1,coba,64,0.5
spring,rf1,coba,64,0.661729217
spring,rf1,coba,64,4.195442822
spring,rf1,coba,63,0.562337527
spring,rf1,coba,63,4.195442822
spring,rf1,coba,63,1.598505426
spring,rf2,coba,63,0.760097006
spring,rf2,coba,63,1.221738172
spring,rf2,coba,68,1
spring,rf2,coba,68,1.903872158
spring,rf2,coba,68,3.793518901
spring,rf2,coba,70,0.636731551
spring,rf2,coba,70,0.655274123
spring,rf2,coba,63,4.224405961
spring,rf2,coba,63,0.5
spring,rf2,coba,63,6.82730533
spring,rf2,coba,70,0.62196762
spring,rf2,coba,70,0.5
spring,rf2,coba,70,0.344313302
spring,rf2,coba,70,7.676470784
spring,rf3,coba,62,0.3
spring,rf3,coba,62,2.00539233
spring,rf3,coba,62,0.03
spring,rf3,coba,62,0.32382
spring,rf3,coba,62,0.5
spring,rf3,coba,64,1
spring,rf3,coba,64,2.793449684
spring,rf3,coba,65,0.5
spring,rf3,coba,67,1.124675054
spring,rf3,coba,68,0.130511021
spring,rf4,coba,64,0.513144177
spring,rf4,coba,64,1.903872158
spring,rf4,coba,64,0.06
spring,rf4,coba,64,9.953593214
spring,rf4,coba,65,0.661729217
spring,rf4,coba,65,4.976796607
spring,rf4,coba,65,0.165586014
spring,rf4,coba,68,0.513144177
spring,rf4,coba,68,1.422489748
spring,rf4,coba,68,4.308778868
spring,rf4,coba,68,5.852165073
spring,rf4,coba,65,5.852165073
spring,rf4,coba,65,0
spring,rf4,coba,68,2.578061348
spring,rf4,coba,68,0.03
spring,rf4,coba,68,0.655274123
spring,rf5,coba,57,0.209898335
spring,rf5,coba,57,0.5
spring,rf5,coba,57,2.955893259
spring,rf5,coba,57,2.358631458
spring,rf5,coba,58,0.209898335
spring,rf5,coba,58,0.5
spring,rf5,coba,58,5.852165073
spring,rf5,coba,62,0.039164915
spring,rf5,coba,62,0.090599672
spring,rf5,coba,62,0.5
spring,rf5,coba,62,0.950631173
spring,rf5,coba,62,1.165576379
spring,rf5,coba,66,0.950631173
spring,rf5,coba,66,4.202289948
spring,rf5,coba,66,20.8192118
spring,run1,coba,57,0.110778629
spring,run1,coba,57,0.5
spring,run1,coba,57,5.852165073
spring,run1,coba,57,0.196129532
spring,run1,coba,58,0.950631173
spring,run1,coba,58,2.101987522
spring,run1,coba,68,0
spring,run2,coba,61,0.290755621
spring,run2,coba,61,4.195442822
spring,run2,coba,63,13.78295426
spring,run2,coba,63,0.092220758
spring,run2,coba,70,6.337017701
spring,run2,coba,70,2.891992876
spring,run2,coba,73,0.343971836
spring,run2,coba,73,0.596961821
spring,run2,coba,73,1.896759451
spring,run4,coba,75,0.090599672
spring,run4,coba,75,1.882686936
spring,run4,coba,75,0.12
spring,run4,coba,75,0.655274123
spring,pl2,etca,44,1.8832367
spring,pl2,etca,44,2.029751185
spring,pl2,etca,52,0.341880096
spring,pl2,etca,52,0.5
spring,pl2,etca,52,1.589666578
spring,pl2,etca,55,4.985038324
spring,pl2,etca,57,2.769465736
spring,pl2,etca,57,0.760097006
spring,pl2,etca,57,0.3
spring,pl2,etca,44,3.533387192
spring,pl2,etca,44,0.950631173
spring,pl3,etca,42,0.726889052
spring,pl3,etca,42,2.793449684
spring,pl3,etca,43,0.36343247
spring,pl3,etca,43,0.581511242
spring,pl3,etca,43,0.5
spring,pl3,etca,52,0.107204483
spring,pl3,etca,52,0.398860112
spring,pl3,etca,52,1.523572798
spring,pl3,etca,52,0.596961821
spring,pl4,etca,47,0.187121785
spring,pl4,etca,47,0.260411607
spring,pl4,etca,47,1.323699495
spring,pl4,etca,48,0.056980016
spring,pl4,etca,48,0.596961821
spring,pl4,etca,49,0.664671777
spring,pl4,etca,49,2.793449684
spring,pl4,etca,53,0.181199343
spring,pl4,etca,53,0.5
spring,pl4,etca,57,0.553893147
spring,pl4,etca,57,0.165586014
spring,pl5,etca,49,2.147506853
spring,pl5,etca,49,1.449594746
spring,pl5,etca,50,0.057165799
spring,pl5,etca,52,1.661679441
spring,pl5,etca,52,0.196129532
spring,pl5,etca,58,0.724797373
spring,pl5,etca,58,0.05
spring,pl5,etca,58,2.891992876
spring,pl5,etca,58,1.06850375
spring,pl5,etca,52,0.107204483
spring,pl5,etca,52,0.363444526
spring,pl5,etca,52,2.793449684
spring,pl5,etca,52,1.193923642
spring,rf1,etca,46,0.4
spring,rf1,etca,47,0.227920064
spring,rf1,etca,47,0.1
spring,rf1,etca,52,0.436133431
spring,rf1,etca,52,0.5
spring,rf1,etca,56,0.844364161
spring,rf1,etca,56,0.218066716
spring,rf1,etca,56,0.05
spring,rf1,etca,56,0.165586014
spring,rf1,etca,59,0.8
spring,rf1,etca,59,0.508523498
spring,rf2,etca,45,0.944955768
spring,rf2,etca,49,0.023549406
spring,rf2,etca,49,3.352187849
spring,rf2,etca,49,0.501041805
spring,rf2,etca,49,1.335629688
spring,rf2,etca,50,0.427109003
spring,rf2,etca,50,0.562337527
spring,rf2,etca,50,0.06
spring,rf2,etca,50,0.317961845
spring,rf2,etca,50,0.196129532
spring,rf2,etca,52,0.414412695
spring,rf2,etca,52,0.661729217
spring,rf2,etca,52,0.138175205
spring,rf2,etca,52,0.610297124
spring,rf2,etca,55,1.308400294
spring,rf2,etca,55,1.291257942
spring,rf2,etca,55,0.414525614
spring,rf2,etca,55,0.163264796
spring,rf3,etca,44,0.31098381
spring,rf3,etca,44,1.367520386
spring,rf3,etca,44,1.734773308
spring,rf3,etca,44,0.016119218
spring,rf3,etca,52,0.62196762
spring,rf3,etca,52,0.553893147
spring,rf3,etca,52,0.344313302
spring,rf3,etca,52,0.661729217
spring,rf3,etca,52,0.165586014
spring,rf3,etca,54,0.14537781
spring,rf3,etca,54,2.113687788
spring,rf3,etca,54,0.562337527
spring,rf3,etca,56,0.261717491
spring,rf3,etca,56,3.104269526
spring,rf3,etca,56,0.02480149
spring,rf3,etca,56,0.057165799
spring,rf3,etca,57,0.62196762
spring,rf3,etca,57,0.078061545
spring,rf3,etca,57,0.47742128
spring,rf3,etca,57,0.508523498
spring,rf3,etca,57,0.317961845
spring,rf4,etca,47,0.649080583
spring,rf4,etca,47,0.196129532
spring,rf4,etca,56,0.246826022
spring,rf4,etca,56,0.181199343
spring,rf4,etca,56,2.431445071
spring,rf4,etca,56,0.06
spring,rf4,etca,56,4.195442822
spring,rf4,etca,57,0.072688905
spring,rf4,etca,57,4.451216802
spring,rf4,etca,57,0.655274123
spring,rf4,etca,58,3.359860271
spring,rf4,etca,58,0.872266863
spring,rf4,etca,58,0.254261749
spring,rf4,etca,58,0.03
spring,rf4,etca,58,0.09
spring,rf4,etca,58,0.061488982
spring,rf4,etca,58,0.155
spring,rf4,etca,56,0.337745664
spring,rf4,etca,56,0.508822337
spring,rf4,etca,56,1.547046463
spring,rf4,etca,56,0.09
spring,rf4,etca,56,0.034603275
spring,rf4,etca,56,0.45986864
spring,rf5,etca,43,0.218522391
spring,rf5,etca,43,0.434019346
spring,rf5,etca,43,1.155741678
spring,rf5,etca,45,1.141390843
spring,rf5,etca,45,0.113765267
spring,rf5,etca,49,0
spring,rf5,etca,45,0.227920064
spring,rf5,etca,45,0.611742149
spring,rf5,etca,45,1.073296106
spring,rf5,etca,45,0.77054866
spring,rf5,etca,45,0.534251875
spring,rf5,etca,49,0.521125804
spring,rf5,etca,49,0.797720225
spring,rf5,etca,49,0.113765267
spring,run1,etca,44,0.839593341
spring,run1,etca,44,1.942448979
spring,run1,etca,48,0.42881793
spring,run1,etca,48,1.550900812
spring,run1,etca,48,1.422489748
spring,run1,etca,48,0.450568692
spring,run1,etca,48,0.392259065
spring,run1,etca,49,4.892382266
spring,run1,etca,49,1.523572798
spring,run1,etca,49,0.17557
spring,run1,etca,49,0.547584508
spring,run1,etca,49,0.414525614
spring,run1,etca,49,0.057950768
spring,run1,etca,50,3.121793002
spring,run1,etca,50,2.891992876
spring,run1,etca,50,0.165586014
spring,run1,etca,44,0.36343247
spring,run1,etca,44,0.886229035
spring,run1,etca,44,1.896759451
spring,run2,etca,43,0.295259895
spring,run2,etca,43,3.442787521
spring,run2,etca,46,0.079984927
spring,run2,etca,46,1.440122183
spring,run2,etca,46,0.344313302
spring,run2,etca,46,0.704316646
spring,run2,etca,52,3.174959465
spring,run2,etca,52,0.762785248
spring,run2,etca,53,6.160777669
spring,run2,etca,53,1.903872158
spring,run2,etca,53,0.534251875
spring,run2,etca,54,3.623986864
spring,run2,etca,54,0.254261749
spring,run3,etca,40,0.735210877
spring,run3,etca,40,0.331172027
spring,run3,etca,43,1.538917377
spring,run3,etca,43,0.168660707
spring,run3,etca,44,0.217009673
spring,run3,etca,44,5.852165073
spring,run3,etca,45,1.521854458
spring,run3,etca,49,1.514608811
spring,run4,etca,48,2.989789163
spring,run5,etca,49,0.107204483
spring,run5,etca,49,0.322817734
spring,run5,etca,49,4.253602758
spring,run5,etca,49,0.562337527
spring,run5,etca,49,0.03
spring,run5,etca,49,0.332155827
spring,run5,etca,49,0.22993432
spring,run5,etca,51,0.329405372
spring,run5,etca,51,0.634197701
spring,run5,etca,52,0.227920064
spring,run5,etca,53,0.056203883
spring,run5,etca,53,0.726889052
spring,run5,etca,53,0.06
spring,run5,etca,53,1.00891981
spring,run5,etca,53,0.205286901
spring,run5,etca,53,0.057950768
spring,run5,etca,56,0.381717085
spring,run5,etca,56,1.073296106
spring,run5,etca,56,0.057165799
spring,pl2,etfl,44,0.596961821
spring,pl2,etfl,46,0.078061545
spring,pl2,etfl,46,0.553893147
spring,pl2,etfl,46,0.344313302
spring,pl2,etfl,46,0.331172027
spring,rf1,etfl,47,0.349504929
spring,rf1,etfl,47,1.903872158
spring,rf1,etfl,49,0.079984927
spring,rf1,etfl,49,0.951936079
spring,rf1,etfl,49,3.430835869
spring,rf1,etfl,52,0.086803869
spring,rf1,etfl,52,0.070056713
spring,rf1,etfl,54,1.896759451
spring,rf1,etfl,47,0.159969854
spring,rf1,etfl,47,0.217009673
spring,rf1,etfl,47,0.860838628
spring,rf2,etfl,45,1.013236993
spring,rf2,etfl,45,0.362398686
spring,rf2,etfl,45,0.661729217
spring,rf2,etfl,46,0.113960032
spring,rf2,etfl,46,2.54532642
spring,rf2,etfl,50,0.905996716
spring,rf2,etfl,50,1.3044
spring,rf2,etfl,50,0.155
spring,rf2,etfl,51,0.218066716
spring,rf2,etfl,51,0.155
spring,rf2,etfl,56,0.951936079
spring,rf3,etfl,41,0.14537781
spring,rf3,etfl,41,0.152033213
spring,rf3,etfl,41,0.344313302
spring,rf3,etfl,41,0.198307487
spring,rf3,etfl,44,0.4647441
spring,rf3,etfl,44,0.286901096
spring,rf3,etfl,44,0.158980922
spring,rf3,etfl,48,0.056203883
spring,rf3,etfl,48,1.449558862
spring,rf3,etfl,48,0.03
spring,rf3,etfl,48,0.017301638
spring,rf3,etfl,59,0.030520267
spring,rf3,etfl,59,0.14537781
spring,rf3,etfl,59,0.254261749
spring,rf3,etfl,48,0.671397665
spring,rf4,etfl,43,5
spring,rf4,etfl,43,0.538935877
spring,rf4,etfl,48,0.386016595
spring,rf4,etfl,48,0.163295472
spring,rf4,etfl,48,0.390617411
spring,rf4,etfl,48,0.77054866
spring,rf4,etfl,48,0.113765267
spring,rf4,etfl,52,0.217009673
spring,rf4,etfl,52,0.184441516
spring,rf4,etfl,48,0.113960032
spring,rf4,etfl,48,0.250520903
spring,rf4,etfl,48,0.184441516
spring,rf4,etfl,48,0.254261749
spring,rf4,etfl,48,0.267125938
spring,rf5,etfl,40,0.095633699
spring,rf5,etfl,45,1.422489748
spring,rf5,etfl,47,0.168872832
spring,rf5,etfl,47,0.271799015
spring,rf5,etfl,47,1.323458435
spring,rf5,etfl,47,0.070056713
spring,rf5,etfl,47,0.503758384
spring,rf5,etfl,48,0.217009673
spring,rf5,etfl,48,1.277835258
spring,rf5,etfl,49,0.626780177
spring,rf5,etfl,49,2.029751185
spring,rf5,etfl,49,0.661729217
spring,rf5,etfl,49,0.118600766
spring,run2,etfl,40,0.508822337
spring,run2,etfl,45,4.976796607
spring,run5,etfl,41,0.187121785
spring,run5,etfl,41,0.316373438
spring,run5,etfl,41,3.121875546
spring,run5,etfl,41,0.28490008
spring,run5,etfl,41,0.459081025
spring,run5,etfl,41,0.056980016
spring,run5,etfl,41,0.465386942
spring,rf1,ette,68,3.731805719
spring,rf1,ette,68,2.393160675
spring,rf1,ette,68,0.8
spring,rf1,ette,68,5.293833739
spring,rf1,ette,68,4.195442822
spring,rf1,ette,69,2.487870479
spring,rf1,ette,69,1.88034053
spring,rf1,ette,69,3.308646087
spring,rf1,ette,69,0.221836802
spring,rf1,ette,73,0.879834198
spring,rf1,ette,73,0.341880096
spring,rf1,ette,73,5.955562956
spring,rf1,ette,73,0.229314614
spring,rf1,ette,74,1.554919049
spring,rf1,ette,74,1.671844821
spring,rf1,ette,74,3.0072031
spring,rf1,ette,74,2.909741318
spring,rf1,ette,74,0.165586014
spring,rf2,ette,68,2.176886669
spring,rf2,ette,68,2.814391129
spring,rf2,ette,68,3.561756357
spring,rf2,ette,68,3.740099041
spring,rf2,ette,68,0.034603275
spring,rf2,ette,74,5.908692388
spring,rf2,ette,74,3.486431524
spring,rf2,ette,74,1.2
spring,rf2,ette,74,0.203425771
spring,rf2,ette,74,4.623291959
spring,rf2,ette,74,0.31
spring,rf2,ette,85,1.97460818
spring,rf2,ette,85,1.128450299
spring,rf2,ette,85,1.221738172
spring,rf2,ette,85,0.154754408
spring,rf2,ette,85,0.155
spring,rf2,ette,90,1.350982657
spring,rf2,ette,90,0.13328805
spring,rf2,ette,90,6.164389279
spring,rf2,ette,90,0.06
spring,rf2,ette,90,25.82799948
spring,rf2,ette,90,26.13463129
spring,rf2,ette,90,0.062332089
spring,rf2,ette,90,0.775
spring,rf3,ette,68,1.258656103
spring,rf3,ette,68,0.3
spring,rf3,ette,68,1.734773308
spring,rf3,ette,68,0.317961845
spring,rf3,ette,68,0.092584067
spring,rf3,ette,71,1.158049784
spring,rf3,ette,71,0.954842561
spring,rf3,ette,71,0.344313302
spring,rf3,ette,71,4.759680395
spring,rf3,ette,71,4.195442822
spring,rf3,ette,71,0.476942767
spring,rf3,ette,72,0.31098381
spring,rf3,ette,72,0.214408965
spring,rf3,ette,72,0.968660273
spring,rf3,ette,72,4.371733928
spring,rf3,ette,72,0.469768894
spring,rf3,ette,86,0.62196762
spring,rf3,ette,86,3.71683675
spring,rf3,ette,86,6.934937939
spring,rf3,ette,86,0.12
spring,rf3,ette,86,5.852165073
spring,rf3,ette,86,1.819364033
spring,rf3,ette,86,0.051904913
spring,rf3,ette,86,0.155
spring,rf4,ette,68,2.798854289
spring,rf4,ette,68,0.839593341
spring,rf4,ette,68,0.775450406
spring,rf4,ette,68,2.651828829
spring,rf4,ette,68,5.955562956
spring,rf4,ette,68,0.7777
spring,rf4,ette,72,3.420821909
spring,rf4,ette,72,0.553893147
spring,rf4,ette,72,2.4
spring,rf4,ette,72,1.323458435
spring,rf4,ette,72,5.852165073
spring,rf4,ette,73,0.510910951
spring,rf4,ette,73,1.227226448
spring,rf4,ette,73,1.811993432
spring,rf4,ette,73,0.344313302
spring,rf4,ette,73,5.114703188
spring,rf4,ette,73,5.852165073
spring,rf4,ette,73,0.012400745
spring,rf4,ette,77,0.31098381
spring,rf4,ette,77,0.072688905
spring,rf4,ette,77,1.073296106
spring,rf4,ette,77,0.17557
spring,rf4,ette,77,5.79994259
spring,rf4,ette,77,0.061575667
spring,rf4,ette,77,0.331172027
spring,rf4,ette,77,0.155
spring,rf4,ette,85,1.185610813
spring,rf4,ette,85,0.113960032
spring,rf4,ette,85,0.6
spring,rf4,ette,85,4.445084695
spring,rf4,ette,85,7.236613198
spring,rf4,ette,85,0.155
spring,rf5,ette,60,0.203809815
spring,rf5,ette,60,1.614088668
spring,rf5,ette,60,0.335698832
spring,rf5,ette,60,0.376409639
spring,rf5,ette,65,0.62196762
spring,rf5,ette,65,0.285677684
spring,rf5,ette,65,0.325459228
spring,rf5,ette,65,1.052716687
spring,rf5,ette,65,0.562337527
spring,rf5,ette,65,0.655274123
spring,rf5,ette,65,0.267125938
spring,pl2,fuca,52,0.436133431
spring,pl2,fuca,52,0.03
spring,pl2,fuca,52,0.276350409
spring,pl2,fuca,64,6.425160507
spring,pl2,fuca,64,1
spring,pl2,fuca,73,2.547908477
spring,pl2,fuca,73,0.22993432
spring,pl2,fuca,73,9.970076649
spring,pl5,fuca,58,0.181199343
spring,pl5,fuca,58,2.793449684
spring,pl5,fuca,58,0.3
spring,pl5,fuca,58,0.33
spring,pl5,fuca,58,0.165586014
spring,pl5,fuca,64,0.271799015
spring,run1,fuca,57,1.199592453
spring,run1,fuca,57,0.03
spring,run1,fuca,58,1
spring,run1,fuca,58,2.932337107
spring,run1,fuca,63,0.06
spring,run1,fuca,63,1.165576379
spring,run2,fuca,70,2.326351218
spring,run2,fuca,70,0.03
spring,run2,fuca,75,10.63474843
spring,run2,fuca,75,0.184441516
spring,run3,fuca,80,0.533152201
spring,run3,fuca,80,4.836658142
spring,run3,fuca,80,1.735495354
spring,run4,fuca,48,2.437129848
spring,run4,fuca,50,0.107204483
spring,run4,fuca,50,3.380216217
spring,run4,fuca,53,0.556863729
spring,run4,fuca,53,2.547908477
spring,run4,fuca,53,0.057165799
spring,run5,fuca,83,0.3828
spring,run5,fuca,83,40
spring,run5,fuca,83,1.849404715
spring,pl1,luzo,53,0.28490008
spring,pl1,luzo,53,0.18
spring,pl1,luzo,53,2.789668749
spring,pl1,luzo,56,0.15
spring,pl1,luzo,72,0
spring,rf1,luzo,83,0.18
spring,rf1,luzo,83,1.463512198
spring,rf2,luzo,58,0.5
spring,rf2,luzo,61,0.09
spring,rf2,luzo,61,0.5
spring,rf2,luzo,67,1
spring,rf2,luzo,67,0.21
spring,rf2,luzo,72,0.6
spring,rf2,luzo,72,0.09
spring,rf2,luzo,72,0.5
spring,rf2,luzo,72,0.8
spring,rf2,luzo,72,0.430419314
spring,rf2,luzo,77,0.27
spring,rf2,luzo,77,2.4
spring,rf2,luzo,77,0.5
spring,rf3,luzo,82,0.03
spring,rf3,luzo,82,0.6
spring,rf3,luzo,82,1.422489748
spring,rf3,luzo,82,0.017301638
spring,rf3,luzo,82,1
spring,rf3,luzo,104,0.8
spring,rf3,luzo,104,2.311483356
spring,rf3,luzo,104,8.675978627
spring,rf3,luzo,104,4.741053584
spring,rf3,luzo,104,1
spring,rf3,luzo,105,0.596961821
spring,rf3,luzo,105,4.632104521
spring,rf3,luzo,105,1.165576379
spring,rf3,luzo,105,0.60277016
spring,rf3,luzo,105,4.741053584
spring,rf3,luzo,105,0.5
spring,rf3,luzo,105,0.31
spring,rf4,luzo,62,0.3
spring,rf4,luzo,62,0.344313302
spring,rf4,luzo,62,0.951936079
spring,rf4,luzo,63,0.03
spring,rf4,luzo,63,0.3
spring,rf4,luzo,63,0.828563227
spring,rf4,luzo,63,0.5
spring,rf4,luzo,65,0.271799015
spring,rf4,luzo,65,0.12
spring,rf4,luzo,65,0.9
spring,rf4,luzo,63,0.398860112
spring,rf4,luzo,63,0.09
spring,rf4,luzo,63,6.65441821
spring,rf4,luzo,63,0.664311654
spring,rf4,luzo,63,0.181199343
spring,rf4,luzo,63,0.5
spring,rf4,luzo,63,1.2
spring,rf4,luzo,63,1.852936249
spring,rf4,luzo,63,0.661729217
spring,rf4,luzo,63,0.331172027
spring,rf4,luzo,63,0.5
spring,rf5,luzo,59,0.5
spring,rf5,luzo,59,0.03
spring,rf5,luzo,64,2
spring,rf5,luzo,66,1
spring,rf5,luzo,66,0.09
spring,rf5,luzo,72,0.45
spring,rf5,luzo,72,1.5
spring,rf5,luzo,77,1
spring,rf5,luzo,77,0.039651731
spring,rf5,luzo,77,0.5
spring,run1,luzo,55,0.06
spring,run1,luzo,55,0.5
spring,run1,luzo,60,1.218564924
spring,run1,luzo,60,0.12
spring,run1,luzo,60,0.7255
spring,run1,luzo,60,0.196129532
spring,run1,luzo,62,0.9
spring,run1,luzo,98,1
spring,run1,luzo,98,0.110778629
spring,run1,luzo,98,0.5
spring,run1,luzo,98,1.14249293
spring,run2,luzo,55,0.072688905
spring,run2,luzo,55,0.09
spring,run2,luzo,55,0.465
spring,run2,luzo,57,0.218066716
spring,run2,luzo,57,0.5
spring,run2,luzo,60,0.221557259
spring,run2,luzo,60,0.09
spring,run2,luzo,60,1.463512198
spring,run2,luzo,60,0.5
spring,run2,luzo,64,0.218066716
spring,run2,luzo,64,1.8
spring,run2,luzo,67,0.290755621
spring,run2,luzo,67,0.6
spring,run3,luzo,53,0.12
spring,run3,luzo,60,0.12
spring,run3,luzo,63,0.06
spring,run3,luzo,73,0.012163167
spring,run3,luzo,73,0.21
spring,run3,luzo,73,0.062332089
spring,run3,luzo,74,0.24
spring,run3,luzo,74,1
spring,run4,luzo,53,0.221557259
spring,run4,luzo,53,0.130511021
spring,run4,luzo,62,0.3
spring,run4,luzo,62,0.07337185
spring,run4,luzo,62,0.062332089
spring,run4,luzo,63,0.443114518
spring,run4,luzo,63,0.21
spring,run4,luzo,63,2.789668749
spring,run4,luzo,63,0.5
spring,run4,luzo,70,0.4
spring,run4,luzo,75,0.654200147
spring,run4,luzo,75,0.24
spring,run4,luzo,75,0.318365775
spring,run4,luzo,75,0.010046631
spring,run4,luzo,75,0.32382
spring,run5,luzo,100,1.5
spring,run5,luzo,100,0.06
spring,run5,luzo,100,2.844979496
spring,run5,luzo,100,3.23361526
spring,run5,luzo,100,0.8496
spring,run5,luzo,100,1.165576379
spring,rf1,nobi,56,0.14537781
spring,rf1,nobi,56,1.896759451
spring,rf2,nobi,56,0.45
spring,rf2,nobi,63,0.03
spring,rf2,nobi,63,0.18
spring,rf2,nobi,66,0.056980016
spring,rf2,nobi,66,0.3
spring,rf4,nobi,72,1.8832367
spring,rf4,nobi,72,1.3044
spring,rf4,nobi,72,0.06
spring,run1,nobi,62,0
spring,run1,nobi,64,0.187121785
spring,run1,nobi,64,0.271799015
spring,run1,nobi,64,0.5
spring,run1,nobi,64,0.18
spring,run2,nobi,48,5.206595583
spring,run2,nobi,50,2.544111684
spring,run2,nobi,50,0.661729217
spring,run2,nobi,50,0.606454678
spring,run4,nobi,52,1.358995074
spring,run4,nobi,52,0.338287233
spring,run4,nobi,54,2.174392118
spring,run4,nobi,54,0.188723699
spring,run4,nobi,62,0.096610766
spring,run4,nobi,62,2.083792447
spring,run4,nobi,62,0.32382
spring,run4,nobi,62,0.606454678
spring,run4,nobi,62,2.698705579
spring,run4,nobi,62,1.568
spring,run4,nobi,62,0.45986864
spring,run5,nobi,74,1.049752655
spring,run5,nobi,74,1.090333579
spring,run5,nobi,74,5
spring,run5,nobi,74,1.017046997
